name,n_fichero,n_caracteres,texto,distancia,NER,Name,Partido
3,00000011.jpg.subtitulo.tif.txt,68,bueno cómo están los máquinas lo primero de todo estáis bien ,69,0,,Desconocido
4,00000012.jpg.subtitulo.tif.txt,112,pues eso que hemos venido a bailar a cantar y si hay que llorar las penas de 2023 pues las lloramos juntos ,104,0,,Desconocido
5,00000018.jpg.subtitulo.tif.txt,54,rayden calle de la llorería benidorm fest 2021 ,104,0,,Desconocido
6,00000019.jpg.subtitulo.tif.txt,82,la verdad es que rayden por no ir a eurovisión con esta canción no lloró mucho ,78,0,,Desconocido
7,00000020.jpg.subtitulo.tif.txt,60,anunció que se iba a retirar cuando lo veamos lloramos ,74,0,,Desconocido
8,00000025.jpg.subtitulo.tif.txt,43,fangoria dramas y comedias feliz 2015 ,61,0,,Desconocido
9,00000026.jpg.subtitulo.tif.txt,68,para algunos el año ha sido más dramático que cómico y viceversa ,69,0,,Desconocido
10,00000027.jpg.subtitulo.tif.txt,62,aunque también ha habido muchos como nacho canut a su bola ,70,0,,Desconocido
11,00000033.jpg.subtitulo.tif.txt,57,rozalén con estopa vivir territorio estopa 2019 ,75,0,,Desconocido
12,00000034.jpg.subtitulo.tif.txt,61,david maría y josé la santísima trinidad de la majuro ,66,0,,Desconocido
13,00000035.jpg.subtitulo.tif.txt,130,ste tema se escribió con cartas de mujeres con cáncer de mama si te ha tocado este año lo de la amnistía igual lo relativizas ,116,0,,Desconocido
14,00000037.jpg.subtitulo.tif.txt,45,pablo alborán y ava max tabú feliz 2020 ,120,0,,Desconocido
15,00000038.jpg.subtitulo.tif.txt,96,el famoso corte de pelo de ava se llama max cut que en español significa uyquétehanhecho ,85,0,,Desconocido
17,00000040.jpg.subtitulo.tif.txt,66,la que están liando los de mantenimiento para cambiar un flexo ,90,0,,Desconocido
18,00000045.jpg.subtitulo.tif.txt,69,miguel bosé y ricky martin bambú papito 30 años de música 2007 ,78,0,,Desconocido
19,00000046.jpg.subtitulo.tif.txt,68,no entendemos el rollo sexy entonces no habla de un oso panda ,79,0,,Desconocido
20,00000047.jpg.subtitulo.tif.txt,63,ojo que ricky con una mirada intensa te hace afirmocionista ,74,0,,Desconocido
21,00000053.jpg.subtitulo.tif.txt,54,thalia a quién le importa noche de fiesta 2002 ,63,0,,Desconocido
22,00000054.jpg.subtitulo.tif.txt,90,o cerráis la puerta o le dejáis un abrigo esto parece a quién le importa resfriarse ,71,0,,Desconocido
23,00000055.jpg.subtitulo.tif.txt,73,para una generación ella fue un icono thalia todo el rato en la tele ,87,0,,Desconocido
24,00000059.jpg.subtitulo.tif.txt,114,si no sabéis quién es quién toñi es la de la izquierda y encorna la que le da el chorro de aire acondicionado ,103,0,,Desconocido
26,00000061.jpg.subtitulo.tif.txt,65,los obsesivos llevamos 33 años pensando en el quitamanchas ,103,0,,Desconocido
27,00000062.jpg.subtitulo.tif.txt,65,esto te lo está cantando ahora mismo ese platito de polvorones ,74,0,,Desconocido
28,00000063.jpg.subtitulo.tif.txt,69,azúcar moreno ven devórame otra vez viva el espectáculo 1990 ,80,0,,Desconocido
29,00000066.jpg.subtitulo.tif.txt,58,sándalo te informo este año cruz y raya seguro 1994 ,65,0,,Desconocido
30,00000067.jpg.subtitulo.tif.txt,91,os informamos para la elaboración de este peinado no se ha maltratado a ningún mapache ,85,0,,Desconocido
31,00000068.jpg.subtitulo.tif.txt,83,aún no nos explicamos cómo nadie ha usado esto como sintonía de los informativos ,98,0,,Desconocido
32,00000074.jpg.subtitulo.tif.txt,97,los conceptos raya y real no volverían a estar tan juntos desde lo de froilán en la sauna ,99,0,,Desconocido
34,00000076.jpg.subtitulo.tif.txt,97,despechá el título de uno de los éxitos de rosalía y el subtexto de los últimos 10 de shakira ,106,0,,Desconocido
36,00000080.jpg.subtitulo.tif.txt,54,peret saboreando musical del divendres 1978 ,90,0,,Desconocido
37,00000081.jpg.subtitulo.tif.txt,115,uno de los secretos de su longevidad a diferencia de muchos otros de su generación peret no eligió el caballo ,104,0,,Desconocido
38,00000082.jpg.subtitulo.tif.txt,109,peret murió el 27 de agosto de 2014 en su funeral por supuesto hubo flores y se cantó el muerto vivo ,121,0,,Desconocido
39,00000089.jpg.subtitulo.tif.txt,59,los chunguitos me sabe a humo con la primero al 2001 ,100,0,,Desconocido
40,00000090.jpg.subtitulo.tif.txt,121,melocotón frambuesa callos a la madrileña en la era del vapeo habria sido más difícil clavar la rima consonante ,105,0,,Desconocido
41,00000091.jpg.subtitulo.tif.txt,95,el de la izquierda del todo ya no está en la coalición para algunos el chunguito verdadero ,119,0,,Desconocido
42,00000094.jpg.subtitulo.tif.txt,64,maruja garrido y de bebida qué señoras y señores 1974 ,97,0,,Desconocido
43,00000095.jpg.subtitulo.tif.txt,76,de verdad qué manía tenía lazarov con las sombras no se ve un pimiento ,79,0,,Desconocido
44,00000098.jpg.subtitulo.tif.txt,91,la gasolina era probablemente la bebida más nociva hasta que se inventó el jágermeister ,91,0,,Desconocido
45,00000100.jpg.subtitulo.tif.txt,41,los amaya tequila voces a 45 1977 ,84,0,,Desconocido
46,00000101.jpg.subtitulo.tif.txt,107,transformaron el instrumental de chuck rio en un resumen de los consejos de hidratación de paulina rubio ,103,0,,Desconocido
47,00000102.jpg.subtitulo.tif.txt,65,toma nota tim cook eso sí son gafas de realidad aumentado ,91,0,,Desconocido
48,00000107.jpg.subtitulo.tif.txt,72,la única frase de canción que pondríamos en nuestro perfil de tinder ,77,0,,Desconocido
50,00000109.jpg.subtitulo.tif.txt,63,y si además eres celíaco probablemente también lleve gluten ,75,0,,Desconocido
51,00000110.jpg.subtitulo.tif.txt,61,pata negra todo lo que me gusta es ilegal estres 1991 ,70,0,,Desconocido
52,00000113.jpg.subtitulo.tif.txt,49,bananarama venus viva el espectáculo 1990 ,50,0,,Desconocido
53,00000114.jpg.subtitulo.tif.txt,91,la de la izquierda hizo lo que todo padre sueña al mirar su whatsapp abandonar el grupo ,92,0,,Desconocido
54,00000115.jpg.subtitulo.tif.txt,98,oca gente sabe que aunque acabaron llamándose bananaramc la primera idea era llamarse canarias ,107,0,,Desconocido
56,00000120.jpg.subtitulo.tif.txt,105,a esto se refería tu entrenador del gimnasio si trabajas el tren superior trabaja también las piernas ,107,0,,Desconocido
57,00000121.jpg.subtitulo.tif.txt,104,quizá por eso se decía que estaba como un tren bueno en extremadura decían como un autobús ,103,0,,Desconocido
59,00000123.jpg.subtitulo.tif.txt,105,era muy cansino lo del rollo tit star y se pasó al rollo bollo ahora es feliz con su segunda mujer ,118,0,,Desconocido
60,00000124.jpg.subtitulo.tif.txt,67,samantha fox nothing s gonna stop me now un dos tres 1987 ,101,0,,Desconocido
61,00000130.jpg.subtitulo.tif.txt,59,the tourists only want to be with you aplauso 1980 ,57,0,,Desconocido
62,00000131.jpg.subtitulo.tif.txt,80,qué bien hilado veniamos de samantha fox y ahora nos ponen a samanta hudson ,79,0,,Desconocido
63,00000132.jpg.subtitulo.tif.txt,68,obviamente todos sabéis que es annie lenox la fundadora de upyd ,78,0,,Desconocido
64,00000135.jpg.subtitulo.tif.txt,41,roxette dangerous rockopop 1990 ,68,0,,Desconocido
65,00000136.jpg.subtitulo.tif.txt,100, dangerous es un tema infantil que alerta del peligro de meter los dedos en el enchufe verdad ,90,0,,Desconocido
66,00000137.jpg.subtitulo.tif.txt,106,reconozcámoslo quién no tuvo ganas de enchufar todo aquellos días locos en que la luz fue casi gratis ,108,0,,Desconocido
68,00000143.jpg.subtitulo.tif.txt,53,eighth wonder cross my heart sábado noche 1988 ,105,0,,Desconocido
69,00000144.jpg.subtitulo.tif.txt,97,como veis la protagonista absoluta era patsy kensit la otra es la preferida de la infanta sofía ,97,0,,Desconocido
70,00000145.jpg.subtitulo.tif.txt,121,actriz infantil abuelo falsificador estrella de la tele kensit tuvo una vida más intensa que una peli de la coixet ,113,0,,Desconocido
72,00000148.jpg.subtitulo.tif.txt,58,britney spears you drive me crazy músico si 1999 ,112,0,,Desconocido
74,00000150.jpg.subtitulo.tif.txt,76,ella fue una pionera en muchos campos como el micrófono de teleoperadora ,80,0,,Desconocido
75,00000151.jpg.subtitulo.tif.txt,57,antes te llamaban en una actuación y no podías cogerlo ,72,0,,Desconocido
76,00000158.jpg.subtitulo.tif.txt,42,dova fiesta pasaporte a dublin 1970 ,59,0,,Desconocido
77,00000159.jpg.subtitulo.tif.txt,121,paquita tenía una de las mejores voces de su época pero se quedó a una vocal de distancia de convertirse en una diva ,109,0,,Desconocido
79,00000161.jpg.subtitulo.tif.txt,118,y así con la excusita de la canción te comes el álbum de fotos familiar creemos que ya va por la octava comunión ,124,0,,Desconocido
80,00000164.jpg.subtitulo.tif.txt,62,encarnita polo paco paco paco especial pop 1979 ,111,0,,Desconocido
81,00000165.jpg.subtitulo.tif.txt,107,a mediados de 2009 se hizo viral por un montaje en el que beyoncé parecía bailarla re encarnita polo ,97,0,,Desconocido
82,00000166.jpg.subtitulo.tif.txt,79,cuando vas a la academia de peluquería y pides que te corten solo las puntas ,106,0,,Desconocido
83,00000170.jpg.subtitulo.tif.txt,42,nada hace frío ya especial pop 1970 ,71,0,,Desconocido
84,00000171.jpg.subtitulo.tif.txt,110,en un par de décadas esta letra será ciencia ficción pero hoy es perfecta para hacer el cambio de armario ,90,0,,Desconocido
85,00000172.jpg.subtitulo.tif.txt,64,nada la cantante nihilista inventora del carpool karaoke ,95,0,,Desconocido
87,00000175.jpg.subtitulo.tif.txt,39,karina colores especial pop 1970 ,60,0,,Desconocido
88,00000176.jpg.subtitulo.tif.txt,100,hasta hace bien poco el concepto de mujer que trabaja en una portería era muy diferente a este ,92,0,,Desconocido
89,00000177.jpg.subtitulo.tif.txt,72,con tantos prejuicios encima querréis que no jueguen a la defensiva ,93,0,,Desconocido
90,00000178.jpg.subtitulo.tif.txt,99,karina pionera del fútbol femenino luciendo la indumentaria oficial del club deportivo laponia ,99,0,,Desconocido
92,00000184.jpg.subtitulo.tif.txt,56,camela lágrimas de amor campeonas del mundo 2023 ,88,0,,Desconocido
93,00000185.jpg.subtitulo.tif.txt,106,camela son el grupo favorito de jenni finalmente pudo celebrar el título haciendo algo que sí deseaba ,87,0,,Desconocido
94,00000186.jpg.subtitulo.tif.txt,106,la victoria de las campeonas empezó en un estadio de sidney y ha terminado en la historia del feminismo ,120,0,,Desconocido
95,00000190.jpg.subtitulo.tif.txt,42,maría jiménez se acabó aplauso 1978 ,98,0,,Desconocido
96,00000191.jpg.subtitulo.tif.txt,102,hseacabó una letra de maría jimenez que puso nombre a nuestro me too en sus últimos días de vida ,87,0,,Desconocido
97,00000192.jpg.subtitulo.tif.txt,109,el 7 de septiembre se acabó y se convirtió en eterna hoy gracias a mujeres como ella el mundo es otro ,117,0,,Desconocido
98,00000193.jpg.subtitulo.tif.txt,90,paradójicamente esta canción es del mismo autor que la minifalda de manolo escobar ,103,0,,Desconocido
99,00000198.jpg.subtitulo.tif.txt,47,amaral revolución con la primera al 2007 ,80,0,,Desconocido
100,00000205.jpg.subtitulo.tif.txt,69,las chillers mujer contra mujer cabaret de hierro y cromo 2018 ,66,0,,Desconocido
101,00000206.jpg.subtitulo.tif.txt,108,han lucido con orgullo la camiseta del feminismo aunque rocio su cantante es más bien de quitársela ,103,0,,Desconocido
102,00000207.jpg.subtitulo.tif.txt,102,gracias a ella un policía murciano aprendió que las únicas tetas peligrosas son las de afrodita a ,112,0,,Desconocido
103,00000214.jpg.subtitulo.tif.txt,114,las odio tendieron un puente de casi 40 años de punk y reivindicación feminista con esta versión de las vulpes ,121,0,,Desconocido
105,00000216.jpg.subtitulo.tif.txt,118,su emisión en 1983 obligó a dimitir a uno de los grandes comunicadores musicales de este país que murió este año ,128,0,,Desconocido
106,00000217.jpg.subtitulo.tif.txt,36,carlos tena pena mucha pena ,101,0,,Desconocido
107,00000220.jpg.subtitulo.tif.txt,53,víctor manuel déjame en paz buenas noches 1983 ,43,0,,Desconocido
108,00000221.jpg.subtitulo.tif.txt,75,ideal para dedicar a todo tipo de salvadores ya salven almas o patrias ,78,0,,Desconocido
109,00000222.jpg.subtitulo.tif.txt,103,ana belén conoció a victor manuel al mismo tiempo que a julio iglesias ésta se la cantó a julio ,91,0,,Desconocido
110,00000226.jpg.subtitulo.tif.txt,43,miguel ríos santa lucía aplauso 1981 ,93,0,,Desconocido
111,00000227.jpg.subtitulo.tif.txt,108, después del éxito del himno de la alegría volvió a petarlo con este himno al pretendiente agonías ,96,0,,Desconocido
112,00000228.jpg.subtitulo.tif.txt,80,y todo esto antes de la primera cita con esto a un coach emocional lo matas ,89,0,,Desconocido
113,00000229.jpg.subtitulo.tif.txt,67,si se llama santa lucía igual es un perfil de tinder falso eh ,78,0,,Desconocido
114,00000233.jpg.subtitulo.tif.txt,39,los rebeldes mescalina 3x4 1986 ,66,0,,Desconocido
115,00000234.jpg.subtitulo.tif.txt,117,la puesta en escena simboliza bien el lugar que ocupó el rockobilly español en la trastienda de la música comercial ,110,0,,Desconocido
116,00000235.jpg.subtitulo.tif.txt,64,hasta el humo de los conciertos tenía que hacerlo el público ,105,0,,Desconocido
117,00000236.jpg.subtitulo.tif.txt,98,los químicos en el estribillo suelen cantar fenilolquilamina alcaloideeee pero queda raro ,89,0,,Desconocido
118,00000241.jpg.subtitulo.tif.txt,58,gabinete caligari sólo se vive una vez la luna 1989 ,92,0,,Desconocido
119,00000242.jpg.subtitulo.tif.txt,73,chico jaime qué pregunta la nochevieja siempre cae el mismo día ,72,0,,Desconocido
120,00000243.jpg.subtitulo.tif.txt,53,la fina línea entre el carpe diem y el alcoholismo ,63,0,,Desconocido
121,00000247.jpg.subtitulo.tif.txt,63,héroes del silencio la sirena varada noches de gala 1993 ,66,0,,Desconocido
122,00000248.jpg.subtitulo.tif.txt,111,bunbury no estuvo en silencio hasta que se le atragantó el humo de los escenarios ahora el héroe ha vuelto ,90,0,,Desconocido
123,00000249.jpg.subtitulo.tif.txt,106,hombre enrique tampoco nos desanimes al personal si acabamos de empezar está animadisima la cosa ,118,0,,Desconocido
125,00000256.jpg.subtitulo.tif.txt,48,tequila me vuelvo loco 600 millones 1979 ,96,0,,Desconocido
126,00000257.jpg.subtitulo.tif.txt,88, no me vuelvo loco no la escribió milei sino los geniales stivel rot e infante ,66,0,,Desconocido
127,00000258.jpg.subtitulo.tif.txt,102,ariel y alejo sobrevivieron a su propia movida se desintoxicaron y siguieron saliendo a cantar ,96,0,,Desconocido
128,00000262.jpg.subtitulo.tif.txt,49, rosendo loco por incordiar tocata 1985 ,89,0,,Desconocido
129,00000263.jpg.subtitulo.tif.txt,66,paradójicamente su incordio siempre ha estado lleno de cordura ,65,0,,Desconocido
130,00000264.jpg.subtitulo.tif.txt,48,el teclista después del concierto tenía pádel ,67,0,,Desconocido
131,00000269.jpg.subtitulo.tif.txt,58,lts a sin aunque ahora está más de moda decir 0 0 ,58,0,,Desconocido
133,00000271.jpg.subtitulo.tif.txt,96,chris lowe las gafas de sol más famosas de la electrónica hasta el advenimiento de bizarrap ,86,0,,Desconocido
134,00000273.jpg.subtitulo.tif.txt,52,modern talking jet airliner sábado noche 1987 ,96,0,,Desconocido
135,00000274.jpg.subtitulo.tif.txt,88,el día que fueron a la peluquería llevaron una foto de macguyver y otra de farruquito ,88,0,,Desconocido
136,00000276.jpg.subtitulo.tif.txt,109,alemania descubrió demasiado tarde que un falsete podía ser más eficaz que un panzer para conquistar europa ,112,0,,Desconocido
137,00000281.jpg.subtitulo.tif.txt,46,aqua barbie girl risas y estrellas 1997 ,102,0,,Desconocido
138,00000282.jpg.subtitulo.tif.txt,87,la temática de barbie la onda expansiva y los efectos devastadores de oppenheimer ,72,0,,Desconocido
139,00000283.jpg.subtitulo.tif.txt,85,en la peli apenas sonó como parte de un remix en el documental de georgina ni eso ,96,0,,Desconocido
140,00000289.jpg.subtitulo.tif.txt,42,vicco nochentera benidorm fest 2023 ,78,0,,Desconocido
141,00000290.jpg.subtitulo.tif.txt,54,el año en que adoramos a vieco y aborrecimos un pico ,59,0,,Desconocido
143,00000292.jpg.subtitulo.tif.txt,107,la versión que habla de la relación de feijóo con el último resultado electoral se titula nosentera ,89,0,,Desconocido
144,00000296.jpg.subtitulo.tif.txt,38,cher believe qué apostamos 1998 ,94,0,,Desconocido
145,00000297.jpg.subtitulo.tif.txt,129,si quisieras eliminar el autotune de la historia de la música este sería el momento justo del pasado al que deberías regresar ,118,0,,Desconocido
147,00000299.jpg.subtitulo.tif.txt,127,tiene mérito mantener la elegancia llevando un gorro cosaco y los pantalones de punky brewster en un hotel de marina d or ,146,0,,Desconocido
148,00000303.jpg.subtitulo.tif.txt,44,gloria trevi todos me miran feliz 2022 ,117,0,,Desconocido
149,00000304.jpg.subtitulo.tif.txt,107,es fácil reconocer al invitado mexicano en tu fiesta es el que acaba de ponerse la corbata en la cabeza ,99,0,,Desconocido
150,00000305.jpg.subtitulo.tif.txt,101,méxico una tierra sometida a grandes fuerzas de la naturaleza terremotos huracanes gloria trevi ,116,0,,Desconocido
151,00000309.jpg.subtitulo.tif.txt,32,ana mena las 12 feliz 2023 ,89,0,,Desconocido
152,00000310.jpg.subtitulo.tif.txt,79,joer acaba de presentar las campanadas por primera vez y ya tiene canción ,69,0,,Desconocido
153,00000311.jpg.subtitulo.tif.txt,84,otro gran producto de la masía de la música andaluza el programa menuda noche ,82,0,,Desconocido
155,00000313.jpg.subtitulo.tif.txt,91,ana mena sintiendo en sus carnes la presión de los hombres de negro como grecia en 2015 ,96,0,,Desconocido
156,00000318.jpg.subtitulo.tif.txt,116,la frase qué dolor qué dolor dentro de un armario define bien los últimos minutos de vida de david carradine ,115,0,,Desconocido
157,00000319.jpg.subtitulo.tif.txt,82,un ratio de una enfermera por paciente el sueño húmedo de la atención primaria ,106,0,,Desconocido
158,00000320.jpg.subtitulo.tif.txt,50,raffaella carra qué dolor 300 millones 1982 ,85,0,,Desconocido
159,00000325.jpg.subtitulo.tif.txt,62,ricchi poveri sará perché ti amo noche de fiesta 2006 ,62,0,,Desconocido
160,00000326.jpg.subtitulo.tif.txt,109,en los 70 no paraban de sonar su nombre sucumbió a la hegemonía de la clase media pero están volviendo ,103,0,,Desconocido
161,00000327.jpg.subtitulo.tif.txt,106, por qué franco gatti parece árbitro de fútbol obviamente para poder escribir aquí caso negreira ,120,0,,Desconocido
163,00000334.jpg.subtitulo.tif.txt,36,umberto tozzi tú aplauso 1979 ,89,0,,Desconocido
164,00000335.jpg.subtitulo.tif.txt,106,alguien dentro de umberto se pone muy nervioso puede ser michael caine paul mccartney o camilo sesto ,93,0,,Desconocido
165,00000336.jpg.subtitulo.tif.txt,88, hablaré de todo lo que es mio de ti o está mal traducida o aquí alguien roba cosas ,97,0,,Desconocido
166,00000341.jpg.subtitulo.tif.txt,59,eros ramazzott cosas de la vida hola raffaella 1993 ,84,0,,Desconocido
167,00000342.jpg.subtitulo.tif.txt,77,si bastasen dos simples canciones pero qué va tiene como veinte discos ,81,0,,Desconocido
169,00000344.jpg.subtitulo.tif.txt,78,en un pestañeo daremos un salto de eones en el concepto de canción romántica ,78,0,,Desconocido
170,00000346.jpg.subtitulo.tif.txt,35,omar montes alocao feliz 2021 ,69,0,,Desconocido
171,00000347.jpg.subtitulo.tif.txt,95,sobrevivió a una estancia en una isla en honduras y a varias comidas familiares en cantora ,85,0,,Desconocido
172,00000348.jpg.subtitulo.tif.txt,84,hay algo poético en el hecho de petarlo en la música urbana apellidándote montes ,104,0,,Desconocido
173,00000353.jpg.subtitulo.tif.txt,64,henry mendez rayos de sol no es un sábado cualquiera 2017 ,83,0,,Desconocido
174,00000354.jpg.subtitulo.tif.txt,116,la canción dura casi cuatro minutos las palabras crema y protectora se pronuncian un total de cero veces ,107,0,,Desconocido
175,00000355.jpg.subtitulo.tif.txt,96,a henry como a los ultras de las protestas contra la amnistía le gusta estar cara al sol ,100,0,,Desconocido
176,00000361.jpg.subtitulo.tif.txt,32,claramente iban muy abrigadas ,81,0,,Desconocido
177,00000362.jpg.subtitulo.tif.txt,85,tiene nombre de modelo de suv y también es el preferido por mujeres de mediana edad ,78,0,,Desconocido
179,00000367.jpg.subtitulo.tif.txt,54,elsa baeza mama inés así como suena 1983 ,81,0,,Desconocido
180,00000368.jpg.subtitulo.tif.txt,72,el nuevo estribillo de este clásico cubano es un pelín menos pegodizo ,73,0,,Desconocido
181,00000369.jpg.subtitulo.tif.txt,115, sin importar nuestra pigmentación todos tomamos café orgúnico en igualdad y sin generalizaciones arbitrarias ,112,0,,Desconocido
183,00000375.jpg.subtitulo.tif.txt,87,la mesías no sabemos si salvaría el mundo pero llevaba la cruz y cantaba como dios ,121,0,,Desconocido
185,00000377.jpg.subtitulo.tif.txt,96, assssúcar ahora también disponemos de miel panela estevia eritritol o sirope de agave ,104,0,,Desconocido
186,00000382.jpg.subtitulo.tif.txt,89,juan luis guerra 4 40 visa para un sueño pero esto qué es esto es lo que hay 1990 ,101,0,,Desconocido
187,00000383.jpg.subtitulo.tif.txt,75,ojalá todas las guerras que hemos vivido este año se llamaran juan luis ,82,0,,Desconocido
188,00000384.jpg.subtitulo.tif.txt,68,sintiéndolo mucho esta noche os hemos denegado la visa del sueño ,77,0,,Desconocido
189,00000388.jpg.subtitulo.tif.txt,54,shakira hips don t lie andolucía te quiere 2006 ,69,0,,Desconocido
190,00000389.jpg.subtitulo.tif.txt,103,las caderas no mienten de los maridos y las declaraciones de de la renta no podemos decir lo mismo ,93,0,,Desconocido
191,00000390.jpg.subtitulo.tif.txt,71,el simple visionado de este vídeo te justifica una baja por lumbago ,97,0,,Desconocido
192,00000397.jpg.subtitulo.tif.txt,55,vicente fernández y massiel el rey palmarés 1976 ,77,0,,Desconocido
193,00000398.jpg.subtitulo.tif.txt,98,así eran los duetos entre estrellas latinas antes de que supiéramos qué coño significa feat ,93,0,,Desconocido
194,00000399.jpg.subtitulo.tif.txt,88,no tiene trono ni reina ni explicaciones pero le queda algún amigo en sanxenxo ,99,0,,Desconocido
195,00000401.jpg.subtitulo.tif.txt,48,juanes y pablo lópez tu enemigo feliz 2016 ,78,0,,Desconocido
196,00000402.jpg.subtitulo.tif.txt,57,juanes todos sabéis quién es el de la chaqueta negra ,56,0,,Desconocido
197,00000403.jpg.subtitulo.tif.txt,50,este tema es la banda sonora de la lista forbes ,55,0,,Desconocido
198,00000405.jpg.subtitulo.tif.txt,118,pablo es menos famoso que juanes porque se empeñó en dejar su nombre en singular pablos lopezes era mucho mejor ,96,0,,Desconocido
199,00000410.jpg.subtitulo.tif.txt,68,miguel poveda y antonio josé sobreviviré dóos increíbles 2022 ,116,0,,Desconocido
200,00000411.jpg.subtitulo.tif.txt,95,con todos los respetos a antonio josé esperábamos que el dúo de rufián fuera con junqueras ,89,0,,Desconocido
201,00000412.jpg.subtitulo.tif.txt,60,los bailarines luego se suelen quedar a fregar los platos ,89,0,,Desconocido
202,00000418.jpg.subtitulo.tif.txt,91,sabina se aplicó el cuento y acabó derrapando ha pagado todas las multas con creces ,80,0,,Desconocido
204,00000420.jpg.subtitulo.tif.txt,103,años después el hijo de el fary hizo la segunda parte cuanto más acelero más calentito me pongo ,109,0,,Desconocido
205,00000425.jpg.subtitulo.tif.txt,45,dúo dinámico lolita twist aplauso 1980 ,95,0,,Desconocido
206,00000426.jpg.subtitulo.tif.txt,108, 15 años lolita muy joven para amar su repertorio debería tener una carpeta propia en la fiscalía ,97,0,,Desconocido
207,00000427.jpg.subtitulo.tif.txt,115, la pandemia creímos que formaban el dúo más estomagante gonzález y guerra han vuelto para recordarnos que no ,126,0,,Desconocido
208,00000431.jpg.subtitulo.tif.txt,61,pancho y javi el final del verano estudio abierto 1983 ,103,0,,Desconocido
209,00000432.jpg.subtitulo.tif.txt,118,el pp usó verano azul para su campaña el plan b era fariña o crematorio pero el resultado fue poco yo ,95,0,,Desconocido
210,00000433.jpg.subtitulo.tif.txt,80,a juzgar por la sudoración en el bigote de pancho ue siendo pleno verano ,103,0,,Desconocido
211,00000439.jpg.subtitulo.tif.txt,54,paco clavel corazón contento en buena hora 1990 ,67,0,,Desconocido
212,00000440.jpg.subtitulo.tif.txt,99,ni netflix ni hbo ni rtve play la suyas fueron las primeros plataformas que vimos en tv ,92,0,,Desconocido
214,00000442.jpg.subtitulo.tif.txt,103,cultura de aprovechamiento hacerte una chaqueta con el contenido de la mesilla de noche de tu abuela ,115,0,,Desconocido
215,00000446.jpg.subtitulo.tif.txt,107,el del canto del loco es uno de los regresos más esperados junto al de mecano y el criterio de calamaro ,111,0,,Desconocido
217,00000448.jpg.subtitulo.tif.txt,100, no quiero más vida que subida el lema que ha guiado la trayectoria vital de juanito oyarzábal ,117,0,,Desconocido
218,00000453.jpg.subtitulo.tif.txt,49,camilo sesto melina risas y estrellas 1998 ,94,0,,Desconocido
219,00000454.jpg.subtitulo.tif.txt,112,no confundir con el camilo colombiano sesto no lleva bigote y sí logró superar primero de rima consonante ,97,0,,Desconocido
221,00000456.jpg.subtitulo.tif.txt,97,el crossover que mejor resumiria las últimas cinco décadas de música española camela sesto ,123,0,,Desconocido
222,00000457.jpg.subtitulo.tif.txt,46,luz no me importa nada la palmera 1990 ,76,0,,Desconocido
223,00000458.jpg.subtitulo.tif.txt,58,hasta greta thunberg dejaría siempre encendida esta luz ,59,0,,Desconocido
225,00000460.jpg.subtitulo.tif.txt,125, tu juegas a engañarme yo juego a que te creas que te creo buen resumen de la negociación del pnv para la investidura ,106,0,,Desconocido
226,00000467.jpg.subtitulo.tif.txt,63,josé luis perales qué pasará mañana estudio abierto 1982 ,119,0,,Desconocido
227,00000468.jpg.subtitulo.tif.txt,80,sospechábamos que era un profeta este año lo demostró muriendo y resucitando ,76,0,,Desconocido
228,00000469.jpg.subtitulo.tif.txt,91,él mismo explicó que estaba cenando en londres la comida inglesa es mala pero no tanto ,90,0,,Desconocido
230,00000471.jpg.subtitulo.tif.txt,84,tres generaciones de artistas y tú en el karaoke han cantado sus composiciones ,98,0,,Desconocido
231,00000473.jpg.subtitulo.tif.txt,58,mocedades has perdido tu tren un dos tres 1984 ,78,0,,Desconocido
232,00000474.jpg.subtitulo.tif.txt,98,el grupo más longevo del pop español años antes de protagonizar su propia guerra de los clones ,88,0,,Desconocido
233,00000475.jpg.subtitulo.tif.txt,90,cambiando el tren por un ferrari y un twingo la canción podría estar dedicada a piqué ,113,0,,Desconocido
234,00000482.jpg.subtitulo.tif.txt,45,ana belén balancé estudio abierto 1982 ,81,0,,Desconocido
235,00000483.jpg.subtitulo.tif.txt,102,tra artista que lo hace todo bien víctor manuel ha comprobadc que canta perfectamente hasta las 40 ,96,0,,Desconocido
236,00000484.jpg.subtitulo.tif.txt,69,desafortunadamente nuestro balancé de este año no es tan positivo ,101,0,,Desconocido
238,00000488.jpg.subtitulo.tif.txt,52,bertín osborne tú solo tú 300 millones 1981 ,70,0,,Desconocido
239,00000489.jpg.subtitulo.tif.txt,89,el darth vader español tiene la voz profunda un lado oscuro y podría ser tu padre ,86,0,,Desconocido
240,00000491.jpg.subtitulo.tif.txt,62,a diferencia de rubiales bertin vende sus picos a 1 50 ,83,0,,Desconocido
241,00000496.jpg.subtitulo.tif.txt,35,sabrina hot girl a tope 1988 ,56,0,,Desconocido
242,00000501.jpg.subtitulo.tif.txt,54,sandra maria magdalena directo en la noche 1986 ,39,0,,Desconocido
243,00000502.jpg.subtitulo.tif.txt,64,para los que lo vivieron esta es lo maria magdalena de proust ,60,0,,Desconocido
244,00000504.jpg.subtitulo.tif.txt,76,el estilo lírico de esta alemana es el diálogo a dos voces el pimpinelen ,77,0,,Desconocido
245,00000510.jpg.subtitulo.tif.txt,56,laura branigan self control tres per quatre 1986 ,78,0,,Desconocido
246,00000511.jpg.subtitulo.tif.txt,70,a branigan la conocéis también por gloria con el que tocó la idem ,59,0,,Desconocido
247,00000512.jpg.subtitulo.tif.txt,100,esta era una versión de un tema del italiano raf que salió al mismo tiempo y que también triunfó ,93,0,,Desconocido
248,00000519.jpg.subtitulo.tif.txt,69,ya en su momento a nacho cano la memoria histórica no le encantaba ,94,0,,Desconocido
250,00000521.jpg.subtitulo.tif.txt,70,con malinche su musical el pasado se volvió más interesante eh ,76,0,,Desconocido
251,00000525.jpg.subtitulo.tif.txt,56,tino casal pánico en el edén estudio abierto 1984 ,69,0,,Desconocido
252,00000526.jpg.subtitulo.tif.txt,106,si hay peluqueros entre la audiencia es el momento de pedirles que traigan algo turrón de la cocina ,98,0,,Desconocido
254,00000528.jpg.subtitulo.tif.txt,93, acaso pensabais que tino revolucionó la música y la moda sin tener un patinazo alguna vez ,101,0,,Desconocido
255,00000532.jpg.subtitulo.tif.txt,74,esta nos la sabemos en españa líder mundial en consumo de ansiolíticos ,100,0,,Desconocido
257,00000534.jpg.subtitulo.tif.txt,132,en este año de crispación política la propuesta no de ley sobre alud mental logró 340 votos aún así seguimos sin una ley naciona ,116,0,,Desconocido
258,00000539.jpg.subtitulo.tif.txt,56,nacha pop relojes en la oscuridad los sabios 1986 ,115,0,,Desconocido
259,00000540.jpg.subtitulo.tif.txt,76,con permiso de la chica de ayer este tema es una de las joyas del grupo ,70,0,,Desconocido
260,00000541.jpg.subtitulo.tif.txt,58, con antonio vega no hacéis coñas eh no no hacemos ,73,0,,Desconocido
261,00000546.jpg.subtitulo.tif.txt,54,teresa rabal me pongo de pie aplauso 1982 ,61,0,,Desconocido
262,00000547.jpg.subtitulo.tif.txt,45,montó un circo y le crecimos los enanos ,56,0,,Desconocido
263,00000548.jpg.subtitulo.tif.txt,80,el estribillo que sonaba dentro de nuestra cabeza cada vez que íbamos a misa ,75,0,,Desconocido
264,00000549.jpg.subtitulo.tif.txt,90,los niños protagonistas de esta canción ya tienen mejor currículum que santiago abascal ,93,1,Santiago Abascal,VOX
266,00000555.jpg.subtitulo.tif.txt,58,los payasos de la tele el auto nuevo fin de año 1975 ,81,0,,Desconocido
267,00000556.jpg.subtitulo.tif.txt,49,los payasos de la tele valga la redundancia ,33,0,,Desconocido
268,00000557.jpg.subtitulo.tif.txt,66,algunos hemos viajado más incómodos en un trayecto de blablacar ,60,0,,Desconocido
270,00000561.jpg.subtitulo.tif.txt,46,torrebruno don pelanas dabadabada 1983 ,65,0,,Desconocido
271,00000562.jpg.subtitulo.tif.txt,57,no sólo de tigres y leones vivía torrebruno tombién de ,62,0,,Desconocido
272,00000563.jpg.subtitulo.tif.txt,55,bueno de lo que quiera que sea eso un perro sanxe ,57,0,,Desconocido
273,00000566.jpg.subtitulo.tif.txt,46,nins fútbol en acción 300 millones 1981 ,62,0,,Desconocido
274,00000567.jpg.subtitulo.tif.txt,69,cuando la familia von trapp se mudó a el pueblo de los malditos ,68,0,,Desconocido
275,00000568.jpg.subtitulo.tif.txt,115,tardaste casi 40 años en superar que tu madre tirara la camiseta de naranjito hoy el contador vuelve a cero ,106,0,,Desconocido
276,00000569.jpg.subtitulo.tif.txt,99,naranjito curro cobi vistos los precedentes le dejamos a portugal lo de la mascota de 2030 ,115,0,,Desconocido
278,00000573.jpg.subtitulo.tif.txt,41,regaliz vaya mentira aplauso 1982 ,85,0,,Desconocido
279,00000574.jpg.subtitulo.tif.txt,57,en los 80 no lo sabíamos pero esto ahora se llama tdah ,59,0,,Desconocido
280,00000575.jpg.subtitulo.tif.txt,57,si vosotros ya estáis cansados imaginaos o sus padres ,65,0,,Desconocido
281,00000581.jpg.subtitulo.tif.txt,86,los delinquentes y edu soto mortadelo y filemón no disparen al pianista 2008 ,75,0,,Desconocido
282,00000582.jpg.subtitulo.tif.txt,98,niños de todas las edades nos comíamos más a gusto los bocadillos de ibáñez que los de nocilla ,100,0,,Desconocido
283,00000583.jpg.subtitulo.tif.txt,92,con él aprendimos a leer a reír a pensar sin ibáñez todos somos un poco más merluzos ,106,0,,Desconocido
284,00000586.jpg.subtitulo.tif.txt,61,la cabra mecánica la lista de la compra músico sí 2001 ,84,0,,Desconocido
285,00000587.jpg.subtitulo.tif.txt,101,lichis vio un póster de maría jiménez en un bar de vallecas y supo que tenía que contarla con ella ,96,0,,Desconocido
286,00000588.jpg.subtitulo.tif.txt,113,en 2001 el litro de aceite de oliva costaba tres pavos asi también te hacemos nosotros una canción alegre ,119,0,,Desconocido
288,00000590.jpg.subtitulo.tif.txt,78,para lista de la compra la yaya que se cuela siempre en la cola del súper ,102,0,,Desconocido
289,00000593.jpg.subtitulo.tif.txt,43,el fary carabirubi pasa la vida 1992 ,73,0,,Desconocido
291,00000595.jpg.subtitulo.tif.txt,111,el rey de la copla callejera vestía como un agente de tecnocaso y cobía por la puerta chica del imaginarium ,99,0,,Desconocido
292,00000596.jpg.subtitulo.tif.txt,90,hemos elegido carabirubi porque sabemos que esta noche la mandanga la ponéis vosotros ,120,0,,Desconocido
294,00000601.jpg.subtitulo.tif.txt,106,cuando llegas de borrachera hay dos opciones no acostarte o escribirle a tu ex eligieron la correcta ,115,0,,Desconocido
296,00000603.jpg.subtitulo.tif.txt,89,para alegría de bon jovi y desgracia de ross geller han vuelto los pantalones de cuero ,104,0,,Desconocido
297,00000607.jpg.subtitulo.tif.txt,44,las grecas tic tac fin de año 1977 ,82,0,,Desconocido
298,00000608.jpg.subtitulo.tif.txt,85,la verdad es que los típicos fondos de atardeceres nos tienen frito oh espera ,69,0,,Desconocido
299,00000609.jpg.subtitulo.tif.txt,86,esto fue exactamente lo que hicieron las grecas ir muy por delante de su tiempo ,96,0,,Desconocido
300,00000613.jpg.subtitulo.tif.txt,49,ginebras paco y carmela cachitos fest 2020 ,79,0,,Desconocido
301,00000614.jpg.subtitulo.tif.txt,111,cuando escuchéis que las nuevas generaciones son tristes le ponéis 10 segundos de cualquier tema de ginebras ,106,0,,Desconocido
302,00000615.jpg.subtitulo.tif.txt,103,igual esta sí que podría cantarla inés arrimadas ah no os acordáis de ella bueno no pasa nada ,115,0,,Desconocido
303,00000620.jpg.subtitulo.tif.txt,46,sebastián yatra tacones rojos feliz 2022 ,91,0,,Desconocido
304,00000621.jpg.subtitulo.tif.txt,81,el diseño de luces obviamente se lo atribuyen abel caballero y xavier albiol ,78,0,,Desconocido
305,00000622.jpg.subtitulo.tif.txt,98,a falta de letras sesudas la prensa rosa se ceba analizando su vida personal y la de su exnovia ,101,0,,Desconocido
307,00000627.jpg.subtitulo.tif.txt,44, aitana 11 razones aitana 2021 ,89,0,,Desconocido
308,00000628.jpg.subtitulo.tif.txt,96,allo largo de su carrera ha dado ya más de 1 razones para merecerse más orejas y menos lenguas ,86,0,,Desconocido
309,00000629.jpg.subtitulo.tif.txt,44,aún asi alguno sigue recordando lo malo ,89,0,,Desconocido
310,00000632.jpg.subtitulo.tif.txt,56,álvaro de luna juramento eterno de sal feliz 2022 ,52,0,,Desconocido
311,00000633.jpg.subtitulo.tif.txt,61,si veis doble ahora parad con el cava que la cosa empeora ,68,0,,Desconocido
313,00000640.jpg.subtitulo.tif.txt,55,alejandro sanz viviendo deprisa ay vida mia 1992 ,69,0,,Desconocido
314,00000641.jpg.subtitulo.tif.txt,86,deberíais escuchar las nuevas versiones viviendo en rebeldía y debiendo deprisa ,69,0,,Desconocido
315,00000642.jpg.subtitulo.tif.txt,66,la que menos le gusta a hacienda es lo de cuando nadie me ve ,81,0,,Desconocido
316,00000647.jpg.subtitulo.tif.txt,89,desconocemos cuál es el ph de raphael pero ha demostrado que sus pilas son alcalinas ,90,0,,Desconocido
318,00000649.jpg.subtitulo.tif.txt,80,al señor del bigote no le está haciendo ninguna gracia el baile del cucú trás ,101,0,,Desconocido
319,00000650.jpg.subtitulo.tif.txt,82,la letra describe los síntomas del enamoramiento o de un subidón de fentanilo ,90,0,,Desconocido
320,00000655.jpg.subtitulo.tif.txt,70,danny daniel por el amor de una mujer musical de sobremesa 1976 ,78,0,,Desconocido
321,00000656.jpg.subtitulo.tif.txt,91,lleva la camisa más abierta que las barreras de sánchez en una negociación de investidura ,92,0,,Desconocido
322,00000657.jpg.subtitulo.tif.txt,75,bajona nivel contarle tus penas a un yelmo darle la chapa a una chapa ,94,0,,Desconocido
323,00000661.jpg.subtitulo.tif.txt,91, ocío jurado y juan pardo por qué me habrás besado este año cruz y raya seguro 1994 ,98,0,,Desconocido
324,00000662.jpg.subtitulo.tif.txt,87,el dueto que rosalía y raw alejandro no se atrevieron a cantar en los latin grammy ,97,0,,Desconocido
325,00000663.jpg.subtitulo.tif.txt,80,pardo compuso algunos grandes temas para rocío sólo cantaron juntos en este ,89,0,,Desconocido
326,00000664.jpg.subtitulo.tif.txt,68,tuvo suficiente con exponerse una vez ante un jurado tan exigente ,82,0,,Desconocido
328,00000672.jpg.subtitulo.tif.txt,95,representante del prolífico género musical de principios de los 80 conocido como guaperas ,98,0,,Desconocido
330,00000674.jpg.subtitulo.tif.txt,79,reapareció a mediados de los 2000 como aspirante a icono gay salió regular ,89,0,,Desconocido
331,00000677.jpg.subtitulo.tif.txt,55,david civera perdóname el verano de tu vida 2005 ,80,0,,Desconocido
332,00000678.jpg.subtitulo.tif.txt,95,civera bisbal bustamante de gea tenemos una gran tradición de cantantes llamados david ,82,0,,Desconocido
334,00000680.jpg.subtitulo.tif.txt,75,si puigdemont la hubiera pedido así la amnistía no sería tan impopular ,92,0,,Desconocido
335,00000683.jpg.subtitulo.tif.txt,52,chenoa soy lo que me das noche de fiesta 2004 ,73,0,,Desconocido
336,00000684.jpg.subtitulo.tif.txt,79,en esta partida de strip poker nosotros hubiéramos tirado primero el bastón ,80,0,,Desconocido
337,00000685.jpg.subtitulo.tif.txt,105,22 años después de participar en ot se ha convertido en su presentadora en el casting superó a alexa ,99,0,,Desconocido
338,00000689.jpg.subtitulo.tif.txt,101,que no os despiste el saludo espontáneo no os perdáis al tipo en posición fetal en primera fila ,101,0,,Desconocido
340,00000691.jpg.subtitulo.tif.txt,80,esta canción huele muy fuerte a puesto de churrasco en las fiestas del pueblo ,98,0,,Desconocido
341,00000692.jpg.subtitulo.tif.txt,51,raúl prohibida murcia qué hermosa eres 2001 ,82,0,,Desconocido
342,00000698.jpg.subtitulo.tif.txt,45,máneskin zitti e buoni eurovisión 2021 ,51,0,,Desconocido
343,00000699.jpg.subtitulo.tif.txt,100, siamo fuori di testa estamos mal de la cabeza ma diversi da loro pero no en plan meloni ,92,0,,Desconocido
344,00000700.jpg.subtitulo.tif.txt,102,algunos alabaron mucho el vestuario de damiano co como se nota que ellos no tenían que ir a mear ,100,0,,Desconocido
346,00000705.jpg.subtitulo.tif.txt,52,suzi quatro 48 crash señoras y señores 1974 ,97,0,,Desconocido
347,00000706.jpg.subtitulo.tif.txt,78,suzi quatro era solo una la primera bajista que lo petó internacionalmente ,67,0,,Desconocido
348,00000707.jpg.subtitulo.tif.txt,77,el playback es menos creíble que la renuncia a la unilateralidad de junts ,85,0,,Desconocido
349,00000710.jpg.subtitulo.tif.txt,110,tras su fallecimiento este año medio mundo repitió lo de simplemente la mejor algo simplista la verdad ,103,0,,Desconocido
351,00000712.jpg.subtitulo.tif.txt,98,competitividades aparte luchó contra el machismo el racismo e inspiró el baile de mike jagger ,117,0,,Desconocido
352,00000720.jpg.subtitulo.tif.txt,42,ac dc girls got rhythm aplauso 1980 ,94,0,,Desconocido
353,00000721.jpg.subtitulo.tif.txt,115,dos semanas después de esto murió el vocalista bon scott en mitad del luto apareció brian johnson y hasta hoy ,106,0,,Desconocido
354,00000722.jpg.subtitulo.tif.txt,115,con el clásico traje de cole privado de angus young gritan bastante mejor que los del colegio mayor elías ahuja ,128,0,,Desconocido
355,00000726.jpg.subtitulo.tif.txt,45,scorpions no one like you aplauso 1982 ,97,0,,Desconocido
356,00000727.jpg.subtitulo.tif.txt,87,en el mundo del heavy scorpions es como sergio dalma el momento de bailar pegados ,73,0,,Desconocido
358,00000729.jpg.subtitulo.tif.txt,69,esto es lo que el difunto llongueras llamaba la fase pre krusty ,86,0,,Desconocido
359,00000731.jpg.subtitulo.tif.txt,44,todo el mundo necesita alomiarn nara midi ,60,0,,Desconocido
360,00000732.jpg.subtitulo.tif.txt,80,a ver compañero para un poquito con la traducción que esto no es un karaoke ,76,0,,Desconocido
361,00000733.jpg.subtitulo.tif.txt,35,senor tienes que omardar la sa ,71,0,,Desconocido
362,00000734.jpg.subtitulo.tif.txt,73,y dale con el traductor de google te quitamos nosotros a ti el curro ,64,0,,Desconocido
363,00000735.jpg.subtitulo.tif.txt,84,de de déjame hablar hablemos de milenarismo el milenarismo va a llegaacar ,83,0,,Desconocido
365,00000737.jpg.subtitulo.tif.txt,43,bon jovi keep the faith a punto 1992 ,79,0,,Desconocido
367,00000741.jpg.subtitulo.tif.txt,40,van halen unchained aplauso 1981 ,38,0,,Desconocido
368,00000742.jpg.subtitulo.tif.txt,111,de todos los que hemos visto hasta ahora estos son los que menos camisetas han vendido y se nota el porqué ,98,0,,Desconocido
369,00000743.jpg.subtitulo.tif.txt,99,lo de mezclar estéticas incompatibles ya lo hicieron en cowboys aliens tampoco salió bien ,115,0,,Desconocido
371,00000745.jpg.subtitulo.tif.txt,95,lógicamente tenía que haber un duelo de guitarras al ser playback no fue tan tensa la cosa ,109,0,,Desconocido
372,00000749.jpg.subtitulo.tif.txt,50,betina la lluvia vacaciones en españa 1969 ,82,0,,Desconocido
373,00000750.jpg.subtitulo.tif.txt,81,se ve que por entonces no había sequía ni presupuesto para efectos especiales ,81,0,,Desconocido
374,00000751.jpg.subtitulo.tif.txt,107,aparición estelar de mariano medina el primer hombre del tiempo el homo antecessor de martín barreiro ,116,0,,Desconocido
375,00000755.jpg.subtitulo.tif.txt,63,rocío dúrcal la gata bajo la lluvia estudio abierto 1982 ,107,0,,Desconocido
376,00000756.jpg.subtitulo.tif.txt,112,su gata fue a terapia con el gato de roberto carlos él estaba triste y azul pero por lo menos estaba seco ,105,0,,Desconocido
378,00000758.jpg.subtitulo.tif.txt,121,la canción como su protagonista ha tenido muchas vidas la última este año en tomorrowland de la mano de steve aoki ,125,0,,Desconocido
379,00000763.jpg.subtitulo.tif.txt,56,marisol aquel verano 560 grados en torno a 1972 ,111,0,,Desconocido
381,00000765.jpg.subtitulo.tif.txt,101,es impresionante cada vez hay que llegar antes a la playa para pillar sitio en primera línea ,87,0,,Desconocido
382,00000766.jpg.subtitulo.tif.txt,104,el tiempo está cada vez más loco pero nunca lo estará tanto como el realizador valerio lazarov ,96,0,,Desconocido
383,00000770.jpg.subtitulo.tif.txt,67, los albas a la orilla de la mar señoras y señores 1974 ,97,0,,Desconocido
384,00000771.jpg.subtitulo.tif.txt,80,ese baile está muy desaprovechado en esas piscinas faltan 200 kilos de uvas ,84,0,,Desconocido
385,00000772.jpg.subtitulo.tif.txt,87,9 de cada 10 españoles son como la cantudo odian planchar la otra es yolanda díaz ,94,0,,Desconocido
387,00000775.jpg.subtitulo.tif.txt,53,los diablos acalorado señoras y señores 1974 ,83,0,,Desconocido
388,00000776.jpg.subtitulo.tif.txt,105,este rótulo es una buena oportunidad para recordar que 2023 ha sido el año más caluroso de la historia ,94,0,,Desconocido
389,00000777.jpg.subtitulo.tif.txt,54,pero vamos que la canción habla de estar cachondo ,97,0,,Desconocido
390,00000778.jpg.subtitulo.tif.txt,100,son los mismos de un rayo de sol en invierno como los plantígrados y georgie dann hibernaban ,91,0,,Desconocido
392,00000785.jpg.subtitulo.tif.txt,49,los ángeles momentos galas del sábado 1969 ,90,0,,Desconocido
393,00000786.jpg.subtitulo.tif.txt,77,no sabemos mucho de economía pero estos deben ser los tipos de interés ,72,0,,Desconocido
394,00000787.jpg.subtitulo.tif.txt,92,los ángeles cotizaron muy alto en los 60 luego su valoración perdió mucho con el cambio ,95,0,,Desconocido
396,00000792.jpg.subtitulo.tif.txt,51,olé olé la chica ye yé no te lo pierdas 1990 ,81,0,,Desconocido
397,00000793.jpg.subtitulo.tif.txt,93,el dejad que los niños se acerquen a mí según el defensor del pueblo tiene sus riesgos ,82,0,,Desconocido
398,00000794.jpg.subtitulo.tif.txt,113,aquí hay menos coordinación que en una mani en ferraz marta aún no había escrito un himno para arreglar esto ,114,0,,Desconocido
399,00000795.jpg.subtitulo.tif.txt,41,ya te estamos echando de menos concha ,99,0,,Desconocido
400,00000800.jpg.subtitulo.tif.txt,48,la unión ella es un volcán estres 1991 ,47,0,,Desconocido
401,00000801.jpg.subtitulo.tif.txt,61, hace cuánto que no veías a rafa vestido acorde a su edad ,57,0,,Desconocido
403,00000803.jpg.subtitulo.tif.txt,113,hablando de volcanes los afectados de la palma siguen intentando sacar adelante una ley nacional de volcanes ,93,0,,Desconocido
404,00000806.jpg.subtitulo.tif.txt,62,hombres g el ataque de las chicas cocodrilo tocata 1986 ,105,0,,Desconocido
405,00000807.jpg.subtitulo.tif.txt,113,eran normales en medio de una movida de raros por eso son los que menos han cambiado y siguen petándolo ,102,0,,Desconocido
406,00000808.jpg.subtitulo.tif.txt,79,las chicas cocodrilo tuvieron cocodrilitas que también van a los conciertos ,102,0,,Desconocido
408,00000810.jpg.subtitulo.tif.txt,91, has sido tú resume el discurso de la oposición desde que llegó pedro sánchez hasta hoy ,98,1,Pedro Sánchez,PSOE
409,00000812.jpg.subtitulo.tif.txt,46,los secretos sin dirección tocata 1987 ,79,0,,Desconocido
410,00000813.jpg.subtitulo.tif.txt,109,a ellos sí les suelen meter en el saco de la movida más que nada por la mala vida perdieron a 3 miembros ,100,0,,Desconocido
411,00000814.jpg.subtitulo.tif.txt,74,eran unos visionarios aquí la canción dedicada a un paquete de amazon ,105,0,,Desconocido
412,00000815.jpg.subtitulo.tif.txt,71,ahora los secretos son menos secretos por culpa del sistema pegasus ,82,0,,Desconocido
414,00000819.jpg.subtitulo.tif.txt,56,duncan dhu una calle de parís querido pirulí 1988 ,78,0,,Desconocido
415,00000820.jpg.subtitulo.tif.txt,80,antes de que hubiera whatsapp mikel erentxun ya podía poner el cuerpo a 2x ,75,0,,Desconocido
417,00000822.jpg.subtitulo.tif.txt,70, alguien tiene un calmante ah se los ha acabado diego vasallo ,85,0,,Desconocido
418,00000825.jpg.subtitulo.tif.txt,51,danza invisible catalina cajón desastre 1990 ,63,0,,Desconocido
419,00000826.jpg.subtitulo.tif.txt,79,para darle más realismo a esta actuación en rtve externalizaron la limpieza ,79,0,,Desconocido
420,00000827.jpg.subtitulo.tif.txt,125,una discografía compleja apertura de estilos innovaciones pero todo se lo comió otro de sus éxitos sabor de amor ,119,0,,Desconocido
422,00000832.jpg.subtitulo.tif.txt,62,amistades peligrosas me quedaré solo pasa la vida 1996 ,108,0,,Desconocido
423,00000833.jpg.subtitulo.tif.txt,94,entonces no lo vimos pero la estética era un doble homenaje a ibarretxe y escarlata o hara ,92,0,,Desconocido
424,00000834.jpg.subtitulo.tif.txt,94,la cosa acabó tan mal que en 2020 volvieron con una canción titulada alto el fuego ,106,0,,Desconocido
425,00000838.jpg.subtitulo.tif.txt,63,celtas cortos cuéntame un cuento la primera del año 1996 ,82,0,,Desconocido
426,00000839.jpg.subtitulo.tif.txt,81,tranquilos majetes que esta aún suena cada 20 de abril en la cabaña de turmo ,76,0,,Desconocido
427,00000840.jpg.subtitulo.tif.txt,88,alos que nos gusta la música celta siempre escuchamos grupos como este de valladolid ,94,0,,Desconocido
429,00000844.jpg.subtitulo.tif.txt,59,paloma san basilio cheek to cheek lo hora de 1976 ,83,0,,Desconocido
430,00000845.jpg.subtitulo.tif.txt,101,la versión libre en castellano se llama cachete pechito y ombligo y se baila prácticamente igual ,89,0,,Desconocido
431,00000846.jpg.subtitulo.tif.txt,93,con el tiempo hemos pasado de la alegría del cheek to cheek a los disgustos del doble check ,107,0,,Desconocido
432,00000851.jpg.subtitulo.tif.txt,52,leif garrett singin in the rain aplauso 1980 ,95,0,,Desconocido
433,00000852.jpg.subtitulo.tif.txt,73, cuidado nenas que llega el melenas así eran los slogans en los 80 ,68,0,,Desconocido
434,00000853.jpg.subtitulo.tif.txt,106,protagonizó un mitico anuncio de zapatillas paredes si lo recuerdas es porque ahora las llevas de felpa ,93,0,,Desconocido
436,00000855.jpg.subtitulo.tif.txt,40, no os recuerda a alguien de pequeño ,87,0,,Desconocido
437,00000856.jpg.subtitulo.tif.txt,63,luis miguel será que no me amas viva el espectáculo 1991 ,58,0,,Desconocido
438,00000857.jpg.subtitulo.tif.txt,80,es geográficamente inexplicable pero el sol de méxico nació en puerto rico ,76,0,,Desconocido
439,00000858.jpg.subtitulo.tif.txt,105,noche playa lluvia a la hora de buscar culpables tiene más imaginación que la prensa conservadora ,103,0,,Desconocido
440,00000867.jpg.subtitulo.tif.txt,45,albert hammond ansiedad fin de año 1976 ,98,0,,Desconocido
441,00000868.jpg.subtitulo.tif.txt,98,os lo hemos contado mil veces pero para los nuevos es el padre del guitarrista de los strokes ,88,0,,Desconocido
442,00000869.jpg.subtitulo.tif.txt,58,juntos son hammond hammond como la peli de bigas luna ,86,0,,Desconocido
444,00000875.jpg.subtitulo.tif.txt,95,la mexicana interpretó la canción que sonaba en cría cuervos como homenaje a carlos saura ,90,0,,Desconocido
446,00000877.jpg.subtitulo.tif.txt,35,al acordeón andreu buenafuente ,81,0,,Desconocido
447,00000878.jpg.subtitulo.tif.txt,58,la finísima línea entre el maquillaje y la tanatopraxia ,55,0,,Desconocido
448,00000880.jpg.subtitulo.tif.txt,116,es una versión de pm a believer pero a los bailarines les dijeron que se preparasen la coreografía de grease ,101,0,,Desconocido
449,00000881.jpg.subtitulo.tif.txt,80,los no menos fabulosos cadillac uno de grupos menos recordados de los 80 ,102,0,,Desconocido
450,00000882.jpg.subtitulo.tif.txt,114,su sueño de triunfar con guitarras y armonías vocales en tiempos de sintetizadores no terminó de materializarse ,109,0,,Desconocido
451,00000883.jpg.subtitulo.tif.txt,43,cadillac soy un soñador aplauso 1982 ,105,0,,Desconocido
452,00000888.jpg.subtitulo.tif.txt,59,kiko veneno memphis blues algo más que flamenco 1998 ,56,0,,Desconocido
453,00000889.jpg.subtitulo.tif.txt,36,igualito que dylan pero del betis ,55,0,,Desconocido
454,00000890.jpg.subtitulo.tif.txt,95,conociendo los hábitos de rivera tiene gracia que este sea el kiko que se apellida veneno ,84,0,,Desconocido
455,00000896.jpg.subtitulo.tif.txt,61, mirad un español de bien apoyando a la seguridad social ,91,0,,Desconocido
457,00000898.jpg.subtitulo.tif.txt,77,manolo escobar cantando chiquilla las fiestas de tu pueblo al cuadrado ,72,0,,Desconocido
458,00000901.jpg.subtitulo.tif.txt,44,sara montiel perfidia fin de año 1976 ,69,0,,Desconocido
459,00000902.jpg.subtitulo.tif.txt,98,la última gran diva una manchega moderna abierta y rompedora en las antípodas de garcia page ,85,0,,Desconocido
460,00000903.jpg.subtitulo.tif.txt,67,en presencia de la montiel ese instrumento pasa a ser un sexofón ,96,0,,Desconocido
462,00000908.jpg.subtitulo.tif.txt,57,imperio de triana a tu vera galas del sábado 1968 ,69,0,,Desconocido
463,00000909.jpg.subtitulo.tif.txt,87,el tema ahora os parece más antiguo que el talante de zp pero se publicó en los 60 ,79,0,,Desconocido
464,00000910.jpg.subtitulo.tif.txt,104,de hecho es super moderno si poneis la imagen en color veréis que detrás estaba naciendo el tetris ,104,0,,Desconocido
466,00000917.jpg.subtitulo.tif.txt,34,gemeliers con otro peluquero ,90,0,,Desconocido
467,00000918.jpg.subtitulo.tif.txt,75,la camisa es muy cómoda en caso de que necesites un electrocardiograma ,64,0,,Desconocido
469,00000920.jpg.subtitulo.tif.txt,77,este programa era como canal red con iglesias y montero siempre vigilantes ,84,0,,Desconocido
470,00000923.jpg.subtitulo.tif.txt,57,carmen sevilla carmen de españa 300 millones 1981 ,77,0,,Desconocido
471,00000924.jpg.subtitulo.tif.txt,103,fue la única estrella que en vez de quitarse años se puso uno más para poder sindicarse a los 13 ,89,0,,Desconocido
472,00000925.jpg.subtitulo.tif.txt,57,de todas las banderas de españa nos quedamos con esta ,91,0,,Desconocido
474,00000928.jpg.subtitulo.tif.txt,57,lola flores lola sí señoras y señores 1974 ,55,0,,Desconocido
475,00000929.jpg.subtitulo.tif.txt,84,a carmen en el más allá le espera otra estrella carl sagan igual no pero lola sí ,78,0,,Desconocido
476,00000930.jpg.subtitulo.tif.txt,50,en holanda concretamente no están para olé ,76,0,,Desconocido
477,00000938.jpg.subtitulo.tif.txt,99,hija de jarcha y veneno ella solita siguió revolucionando la tradición a base de fusión y humor ,93,0,,Desconocido
479,00000940.jpg.subtitulo.tif.txt,111,a ver cuando saca panini la colección de peinetas de martirio con el número uno el coche recortable en 3d ,114,0,,Desconocido
480,00000944.jpg.subtitulo.tif.txt,64,ladilla rusa a un metro y medio de ti punts de vista 2020 ,102,0,,Desconocido
481,00000945.jpg.subtitulo.tif.txt,53,ladilla rusa o como diría putin yevgueni prigozhin ,49,0,,Desconocido
482,00000946.jpg.subtitulo.tif.txt,96,el rumbakalao camela los chichos pont aeri el sonido de los coches de choque del futuro ,89,0,,Desconocido
483,00000952.jpg.subtitulo.tif.txt,53,king africa la bomba el verano de tu vida 2000 ,85,0,,Desconocido
484,00000953.jpg.subtitulo.tif.txt,102,tiene el mérito de haber elevado la batamanta xxl a la categoría de prenda que puedes sacar de cosa ,89,0,,Desconocido
485,00000954.jpg.subtitulo.tif.txt,88,a ver si era esto de lo que hablaba aznar cuando lo de las armas de destrucción masiva ,101,0,,Desconocido
486,00000957.jpg.subtitulo.tif.txt,41,loco mia party time viéndonos 1993 ,90,0,,Desconocido
487,00000958.jpg.subtitulo.tif.txt,119,desconocido pasaje de la obra de dumas en el que athos porthos aramis y d artagnan se van de despedida a fuengirola ,109,0,,Desconocido
488,00000959.jpg.subtitulo.tif.txt,95,esta canción pertenece a su tercer disco el más maduro imagindis cómo eran los otros dos ,121,0,,Desconocido
489,00000963.jpg.subtitulo.tif.txt,66,boney m hooray hooray it s a holi holiday aplauso 1979 ,96,0,,Desconocido
490,00000964.jpg.subtitulo.tif.txt,121,los reyes del eurodisco alemán también triunfaron en españa y eso que aquí competían con el tigretón y la pantera rosa ,116,0,,Desconocido
491,00000965.jpg.subtitulo.tif.txt,105,alguien debería recordarle a bobby farrell que no es buena idea salir al escenario con la vejiga llena ,124,0,,Desconocido
492,00000966.jpg.subtitulo.tif.txt,100, se ha caido la palmera señores lo estaba disiendo que se iba a caé la palmera en directo ,107,0,,Desconocido
494,00000972.jpg.subtitulo.tif.txt,44,abba voulez vous 300 millones 1979 ,91,0,,Desconocido
495,00000973.jpg.subtitulo.tif.txt,85, recordáis la corona del roscón que llevaba bobby farrell pues aqui tenéis el abba ,84,0,,Desconocido
496,00000974.jpg.subtitulo.tif.txt,115,son como la estantería billy bastó con unir cuatro piezas para obtener un producto sueco universal y atemporal ,116,0,,Desconocido
497,00000980.jpg.subtitulo.tif.txt,41,baccara granada 300 millones 1977 ,107,0,,Desconocido
498,00000981.jpg.subtitulo.tif.txt,84,versión disco cañi del clásico de agustín lara quien nunca había pisado granada ,84,0,,Desconocido
499,00000982.jpg.subtitulo.tif.txt,90,ellas tampoco necesitaron pisar una escuela de idiomas para petarlo cantando en inglés ,97,0,,Desconocido
500,00000989.jpg.subtitulo.tif.txt,52,bonnie tyler it s a heartache fantástico 1979 ,87,0,,Desconocido
501,00000990.jpg.subtitulo.tif.txt,102,se quedó ronca tras una operación de garganta pensó que su carrera había acabado y fue al contrario ,94,0,,Desconocido
502,00000991.jpg.subtitulo.tif.txt,98,este 2023 se cumplieron 25 años desde que perdimos una voz inconfundible la gran gloria fuertes ,116,0,,Desconocido
503,00000997.jpg.subtitulo.tif.txt,79,elton john don t wanna go on with you like that un día es una día 1992 ,107,0,,Desconocido
504,00000998.jpg.subtitulo.tif.txt,82,ha dicho adiós a los escenarios tras una gira de despedida que ha durado 5 años ,87,0,,Desconocido
505,00000999.jpg.subtitulo.tif.txt,92,después de cinco décadas le ha costado más dejarlo que a los javis marcharse de una fiesta ,95,0,,Desconocido
506,00001003.jpg.subtitulo.tif.txt,59,tom jones delilah el cuento de adán tom y eva 1975 ,90,0,,Desconocido
507,00001004.jpg.subtitulo.tif.txt,109,como veis en la 2 en cuanto podemos te colamos un documental de fondo no os durmáis que nos conocemos ,91,0,,Desconocido
508,00001005.jpg.subtitulo.tif.txt,80,aunque tom le ponga actitud romántica este tema cuenta un asesinato machista ,105,0,,Desconocido
509,00001006.jpg.subtitulo.tif.txt,113,2023 ha batido récords de asesinatos machistas recuerda 016 teléfono de ayuda contra la violencia de género ,111,0,,Desconocido
511,00001013.jpg.subtitulo.tif.txt,38,sade smooth operator tocata 1985 ,101,0,,Desconocido
512,00001014.jpg.subtitulo.tif.txt,95, smooth operator habla de un embaucador hoy se puede traducir como vendedor de bitcoins ,75,0,,Desconocido
513,00001015.jpg.subtitulo.tif.txt,32, en esa época se podía vapear ,78,0,,Desconocido
514,00001018.jpg.subtitulo.tif.txt,85,zarby white can t get enough of your love babe 2 el verano de tu vide 2000 ,71,0,,Desconocido
515,00001019.jpg.subtitulo.tif.txt,40,una actuación absolutamente brillante ,75,0,,Desconocido
516,00001020.jpg.subtitulo.tif.txt,94,como no se quite la chaqueta van a cambiar el cartel de atrás por el verano de tu muerte ,83,0,,Desconocido
518,00001025.jpg.subtitulo.tif.txt,51,status quo in the army now sábado noche 1987 ,88,0,,Desconocido
519,00001026.jpg.subtitulo.tif.txt,63,obviamente esta va dedicada a leonor que está en el army now ,66,0,,Desconocido
520,00001027.jpg.subtitulo.tif.txt,66,y no iremos más allá porque el de gafas tiene una pinta del cni ,75,0,,Desconocido
522,00001029.jpg.subtitulo.tif.txt,67,además respetamos mucho el statu quo hasta sabemos escribirlo ,74,0,,Desconocido
523,00001035.jpg.subtitulo.tif.txt,66,the blow monkeys it doesn t have to be this way a tope 1997 ,78,0,,Desconocido
524,00001036.jpg.subtitulo.tif.txt,107,como otras muchas cosas que pensábamos que eran del pasado ellos también decidieron volver este año ,104,0,,Desconocido
525,00001037.jpg.subtitulo.tif.txt,99,fueron muy activos contra el liberalismo de margaret thatcher en argentina ya no tendrán bolos ,113,0,,Desconocido
527,00001042.jpg.subtitulo.tif.txt,61,the rembrandts i ll be there for you zona franco 1995 ,91,0,,Desconocido
528,00001043.jpg.subtitulo.tif.txt,80,la sintonía de friends fue su mayor éxito friendly reminder no tienen más ,80,0,,Desconocido
529,00001044.jpg.subtitulo.tif.txt,106,en este 2023 se nos ha roto un poco el corazón con la muerte de mathew perry chandler para los amigos ,110,0,,Desconocido
530,00001048.jpg.subtitulo.tif.txt,71,dev gordon bailando lo pasa peor que vinicius viendo jugar al girona ,105,0,,Desconocido
531,00001049.jpg.subtitulo.tif.txt,98,esta joya de los británicos es la que le ha cantado rishi sunak a su antecesor david cameron ,94,0,,Desconocido
532,00001050.jpg.subtitulo.tif.txt,50,the equals baby come back tele ritmo 1969 ,87,0,,Desconocido
533,00001056.jpg.subtitulo.tif.txt,89,el más bravo de los kennedy vestido de moqueta del hotel overlook de el resplandor ,83,0,,Desconocido
535,00001058.jpg.subtitulo.tif.txt,102,uno de tantos músicos guiris que decidieron quedarse en españa como james rhodes pero menos brasas ,106,0,,Desconocido
536,00001059.jpg.subtitulo.tif.txt,114,después de los bravos probó suerte en solitario y olvídate de mí se convirtió en una profecía autocumplida ,120,0,,Desconocido
537,00001061.jpg.subtitulo.tif.txt,82,los mismos voy a pintar las paredes con tu nombre esta noche con 1970 ,105,0,,Desconocido
538,00001062.jpg.subtitulo.tif.txt,94,cada año recibimos cientos de mensajes diciendo que siempre nos metemos con los mismos ,89,0,,Desconocido
540,00001064.jpg.subtitulo.tif.txt,85, guapos referentes todos somos contingentes pero vosotros sois necesarios ,86,0,,Desconocido
542,00001069.jpg.subtitulo.tif.txt,85,han sido los puntos más deseados de la música española después de los de eurovisión ,94,0,,Desconocido
543,00001070.jpg.subtitulo.tif.txt,69, los puntos on ice no se mueven mucho para evitar los de sutura ,72,0,,Desconocido
544,00001071.jpg.subtitulo.tif.txt,63,los puntos esa niña que me mira señoras y señores 1975 ,55,0,,Desconocido
545,00001076.jpg.subtitulo.tif.txt,88, vosotros también veis a la duquesa de alba tratando de deciros algo con la mente ,79,0,,Desconocido
547,00001078.jpg.subtitulo.tif.txt,110,los carpenters españoles popularizaron esta canción de juan carlos calderón sobre la fugacidad del tiempo ,106,0,,Desconocido
548,00001079.jpg.subtitulo.tif.txt,96,el desconocido dueto que hicieron woody y pocahontas después de unas clases de catequesis ,116,0,,Desconocido
549,00001080.jpg.subtitulo.tif.txt,56,sergio y estibaliz piel señoras y señores 1975 ,93,0,,Desconocido
550,00001087.jpg.subtitulo.tif.txt,79,andres do barro y trío la la la corpiño xeitoso galas del sábado 1970 ,65,0,,Desconocido
551,00001088.jpg.subtitulo.tif.txt,105,en este programa hace mucho que permitimos el uso de lenguas cooficiales españa se rompe en cachitos ,103,0,,Desconocido
552,00001089.jpg.subtitulo.tif.txt,81,claramente elas non falan galego pero hai que recoñecer que lle poñen ganas ,97,0,,Desconocido
553,00001091.jpg.subtitulo.tif.txt,40,fórmula v cuéntame burbujas 1969 ,77,0,,Desconocido
554,00001092.jpg.subtitulo.tif.txt,53,qué canción más buena me cago en la leche merche ,56,0,,Desconocido
555,00001093.jpg.subtitulo.tif.txt,117,la banda sonora de esa otra producción de tve a la que le ha ido tan bien como a nosotros explotando la nostalgia ,109,0,,Desconocido
556,00001094.jpg.subtitulo.tif.txt,121,un total de doce artistas han reinterpretado esta canción para la mítica serie que este año emitió su último capítulo ,132,0,,Desconocido
558,00001101.jpg.subtitulo.tif.txt,85,para que luego digáis que los gallegos no se sabe qué piensan galicia asertividade ,116,0,,Desconocido
560,00001103.jpg.subtitulo.tif.txt,118,ha sido la canción más enviada entre pp y psoe estos años aunque la versión definitiva ha sido para irene montero ,119,0,,Desconocido
561,00001107.jpg.subtitulo.tif.txt,44,maná clavado en un bar música sí 2003 ,106,0,,Desconocido
562,00001108.jpg.subtitulo.tif.txt,88,la autoridades sanitarias advierten clavado en un bar se clava también en lo cabeza ,68,0,,Desconocido
563,00001109.jpg.subtitulo.tif.txt,65,maná 8 discos 5 recopilatorios no hay más preguntas señoría ,92,0,,Desconocido
565,00001113.jpg.subtitulo.tif.txt,55,los planetas nuevas sensaciones zona franca 1995 ,65,0,,Desconocido
566,00001114.jpg.subtitulo.tif.txt,83,hemos encontrado muchos planetas con más probabilidades de tener vida que estos ,79,0,,Desconocido
567,00001115.jpg.subtitulo.tif.txt,59,aunque no lo parezca en su momento levantaban pasiones ,79,0,,Desconocido
568,00001120.jpg.subtitulo.tif.txt,62,lori meyers siempre brilla el sol la hora musa 2018 ,69,0,,Desconocido
569,00001121.jpg.subtitulo.tif.txt,101,noni consigue tocar la tecla épica con el menor número de movimientos posible el laudrup del indie ,99,0,,Desconocido
570,00001122.jpg.subtitulo.tif.txt,109, veis el preciosismo de la imagen la calidad del sonido la realización viva los lori y la hora musa ,117,0,,Desconocido
571,00001123.jpg.subtitulo.tif.txt,55,fenomenal que brille pero ya podía llover un poql ,98,0,,Desconocido
572,00001128.jpg.subtitulo.tif.txt,54,pignoise nada que perder con la primera al 2007 ,52,0,,Desconocido
573,00001129.jpg.subtitulo.tif.txt,107,alvaro benito jugaba en el real madrid se lesionó y se dedicó a la música como julio iglesias pero no ,98,0,,Desconocido
574,00001130.jpg.subtitulo.tif.txt,63,encontró el punto de cruce entre green day y modestia aparte ,97,0,,Desconocido
575,00001134.jpg.subtitulo.tif.txt,49,la oreja de van gogh pop música sí 2001 ,65,0,,Desconocido
576,00001135.jpg.subtitulo.tif.txt,59,ésta seguro que se la puso madonna cuando estuvo malita ,58,0,,Desconocido
577,00001136.jpg.subtitulo.tif.txt,47,ahora a van gogh le estaría pintando un oído ,61,0,,Desconocido
578,00001139.jpg.subtitulo.tif.txt,58,manuel carrasco hay que vivir el momento feliz 2023 ,63,0,,Desconocido
579,00001140.jpg.subtitulo.tif.txt,105,totalmente a full con el tema vivir el momento el problema es vivir el mismo momento en cada canción ,85,0,,Desconocido
580,00001141.jpg.subtitulo.tif.txt,46,en sus conciertos se reparte crema de manos ,87,0,,Desconocido
581,00001147.jpg.subtitulo.tif.txt,46,alvaro soler sofía premios platino 2016 ,50,0,,Desconocido
582,00001148.jpg.subtitulo.tif.txt,109,la verdad es que todos echamos un poco de menos a sofía alguien le ha dicho que terminó el confinamiento ,95,0,,Desconocido
584,00001150.jpg.subtitulo.tif.txt,124,vaaale ésta sofía no es la reina es una exnovia de álvaro ahora tiene otra que también estará harta del tema suponemos ,122,0,,Desconocido
585,00001157.jpg.subtitulo.tif.txt,116,a compusieron en pandemia pensando que igual todo acababa no tendríamos que escucharla en bucle durante tres años ,125,0,,Desconocido
587,00001159.jpg.subtitulo.tif.txt,101,después de 100 millones de reproducciones el fin del mundo no parece una alternativa tan mala ,124,0,,Desconocido
588,00001160.jpg.subtitulo.tif.txt,90,los tolkieners ya sabéis que son frodo y arwen pero intercambiando las alturas verdad ,102,0,,Desconocido
589,00001167.jpg.subtitulo.tif.txt,61,dolores vargas el co collar señoras y señores 1974 ,83,0,,Desconocido
590,00001168.jpg.subtitulo.tif.txt,82,pionera absoluta del flamenco pop un sismo de once grados en la escala achilipu ,79,0,,Desconocido
591,00001169.jpg.subtitulo.tif.txt,108,bailarinas y palmeros tuvieron que grabar aparte porque no es seguro trabajar tan cerca del epicentro ,110,0,,Desconocido
592,00001172.jpg.subtitulo.tif.txt,44,los chichos yo quiero a mai viva 86 ,96,0,,Desconocido
593,00001173.jpg.subtitulo.tif.txt,110,el del medio de los chichos ya solo se aparece en cachitos en un país de extremos no queda nadie al centro ,87,0,,Desconocido
594,00001174.jpg.subtitulo.tif.txt,88,los chichos le regalaron este himno a sus madres tú le diste un collar de macarrones ,96,0,,Desconocido
595,00001178.jpg.subtitulo.tif.txt,51,melendi un violinista en tu tejado feliz 2009 ,89,0,,Desconocido
596,00001179.jpg.subtitulo.tif.txt,91,sale mucho en el programa porque sabemos que mientras está aquí no está viajando en avión ,86,0,,Desconocido
597,00001180.jpg.subtitulo.tif.txt,107,desde aquí nuestro profundo agradecimiento al peluquero de melendi por tantísimos motivos de alegría ,105,0,,Desconocido
598,00001181.jpg.subtitulo.tif.txt,122,una mezcla entre un maniquí de una tienda de segunda mano y puigdemont después de sobrevivir a una pelea con junqueras ,134,0,,Desconocido
600,00001187.jpg.subtitulo.tif.txt,55,el barrio quiéreme el verano de tu vida 2004 ,110,0,,Desconocido
601,00001188.jpg.subtitulo.tif.txt,66,un barrio auténtico popular y sin gentrificar aprende malasaña ,64,0,,Desconocido
602,00001189.jpg.subtitulo.tif.txt,100,una de esas canciones que suena mucho mejor bajo una caseta de lona y con un rebujito en la mano ,96,0,,Desconocido
604,00001193.jpg.subtitulo.tif.txt,55,rosario al son del tambor con la primera al 2000 ,92,0,,Desconocido
605,00001194.jpg.subtitulo.tif.txt,112,un homenaje a antonio gonzález el pescailla padre de la rumba catalana y de todos los hijos de lola flores ,102,0,,Desconocido
606,00001195.jpg.subtitulo.tif.txt,125,es la pequeña de la saga artística más importante de españa en casa de los flores no se estilaba estudiar empresariales ,127,0,,Desconocido
608,00001201.jpg.subtitulo.tif.txt,57,pastora soler y tomasito dámelo ya mósica sí 2000 ,116,0,,Desconocido
609,00001202.jpg.subtitulo.tif.txt,79,seguimos sin tener ni idea de qué tenía hassan en los jardines de su palacio ,83,0,,Desconocido
610,00001203.jpg.subtitulo.tif.txt,97,tomasito tiene más duende que el jardín de una jubilado de lowa el michael jackson azalvajao ,88,0,,Desconocido
611,00001205.jpg.subtitulo.tif.txt,71, espera no puede ser es él ha tenido frente todo este tiempo ,88,0,,Desconocido
612,00001206.jpg.subtitulo.tif.txt,88,el arrebato en su inauguración oficial justo después de que le cortaran la cinta ,92,0,,Desconocido
614,00001208.jpg.subtitulo.tif.txt,52,el arrebato poquito a poco en familia 2001 ,70,0,,Desconocido
615,00001214.jpg.subtitulo.tif.txt,46,manolo tena qué te pasa viéndonos 1993 ,50,0,,Desconocido
616,00001215.jpg.subtitulo.tif.txt,98,tena como nosotros en la cama cada mañana siguió disfrutando después de apagar la alarma ,86,0,,Desconocido
617,00001216.jpg.subtitulo.tif.txt,95,si la tomó prestada del all that heaven will allow de springsteen se la devolvió mejorada ,103,0,,Desconocido
618,00001221.jpg.subtitulo.tif.txt,102,la canción se compuso para la peli de colomo la pelí pasó la canción se quedó colomo va y viene ,110,0,,Desconocido
620,00001223.jpg.subtitulo.tif.txt,66,el rollo recuerda un poco a pablo mo un segundo que nos llaman ,89,0,,Desconocido
621,00001225.jpg.subtitulo.tif.txt,46,los romeos muérdeme cajón desastre 1990 ,65,0,,Desconocido
622,00001226.jpg.subtitulo.tif.txt,69,este fue el primer tema del grupo no les iban los preliminares ,65,0,,Desconocido
624,00001228.jpg.subtitulo.tif.txt,51,pues eso hagamos el amor y no bombardeemos niños ,66,0,,Desconocido
625,00001235.jpg.subtitulo.tif.txt,51,la frontera juan antonio cortés plastic 1989 ,62,0,,Desconocido
626,00001236.jpg.subtitulo.tif.txt,95,todos eran guitarristas y el primer día que ensayaron se repartieron los instrumentos a boleo ,89,0,,Desconocido
627,00001237.jpg.subtitulo.tif.txt,45,al batería no le gustó mucho lo que le tocó ,84,0,,Desconocido
628,00001238.jpg.subtitulo.tif.txt,76,si todos te llaman juan antonio cortés igual es tu nombre del dni juanan ,75,0,,Desconocido
629,00001242.jpg.subtitulo.tif.txt,73,loquillo y trogloditas cadillac solitario viva el espectáculo 1990 ,88,0,,Desconocido
630,00001243.jpg.subtitulo.tif.txt,118,este himno no debe estar basado en hechos reales porque un cadillac en el tibidabo hubiera cantado más que loquillo ,113,0,,Desconocido
631,00001244.jpg.subtitulo.tif.txt,82,de hecho sabino méndez el autor del tema reconoce que en realidad era un 600 ,105,0,,Desconocido
632,00001245.jpg.subtitulo.tif.txt,84,conceptualmente este tema lleva a qué difícil es hacer el amor en un simca 1000 ,85,0,,Desconocido
634,00001249.jpg.subtitulo.tif.txt,55, transvision vamp the only one plastic 1989 ,78,0,,Desconocido
635,00001250.jpg.subtitulo.tif.txt,88,hablando de rubias wendy james fue una de las protas de la llamada blonde wave ,81,0,,Desconocido
636,00001251.jpg.subtitulo.tif.txt,102,esperemos que algún día reconozcan también a leticia sabater aunque ya va costando reconocerla ,108,0,,Desconocido
638,00001255.jpg.subtitulo.tif.txt,48,pretenders don t get me wrong a tope 1987 ,87,0,,Desconocido
639,00001256.jpg.subtitulo.tif.txt,89, don t get me wrong no me malinterpretes debería venir en un cd con la constitución ,74,0,,Desconocido
640,00001257.jpg.subtitulo.tif.txt,77,meterse con la gran chrissie hynde pero tú qué pretenders qué te echen ,95,0,,Desconocido
641,00001262.jpg.subtitulo.tif.txt,103,michael hutchence tenía el baile de mick jagger la voz de george michael y el pelo de lorenzo lamas ,105,0,,Desconocido
643,00001264.jpg.subtitulo.tif.txt,61,ojo al saxo mágico que no suena aunque penguilli soplo ,103,0,,Desconocido
644,00001265.jpg.subtitulo.tif.txt,42,y tachán ahora suena era una gaita ,52,0,,Desconocido
645,00001268.jpg.subtitulo.tif.txt,51,depeche mode enjoy the silence rockopop 1990 ,54,0,,Desconocido
646,00001269.jpg.subtitulo.tif.txt,84,en cuanto dave grahan abre los brazos las fans se vuelven locas y no existía axe ,86,0,,Desconocido
647,00001270.jpg.subtitulo.tif.txt,110,ese punteo de martin gore el de la escarola fue la idea principal de lo que iba a ser una balada muy lenta ,102,0,,Desconocido
648,00001277.jpg.subtitulo.tif.txt,58,los chimberos desde santurce a bilbao cantares 1978 ,105,0,,Desconocido
649,00001278.jpg.subtitulo.tif.txt,102,la canción habla de la margen izquierda del nervión el rio en el que desembocan los cinco océanos ,96,0,,Desconocido
650,00001279.jpg.subtitulo.tif.txt,75,pues sí que han empezado pronto este año las concesiones al nacionalismo ,103,0,,Desconocido
652,00001282.jpg.subtitulo.tif.txt,66,jorge sepúlveda tres veces guapa canciones de una vida 1979 ,71,0,,Desconocido
653,00001283.jpg.subtitulo.tif.txt,102,tenía el aspecto de esos camareros que te recitan la carta de postres caseros como el padre nuestro ,100,0,,Desconocido
654,00001285.jpg.subtitulo.tif.txt,114,el vídeo pertenece a la época en la que los piropos no estaban mal vistos y los coreógrafos se morian de hambre ,114,0,,Desconocido
655,00001289.jpg.subtitulo.tif.txt,65,orquesta alcatraz conga popular la primera del año 1996 ,110,0,,Desconocido
656,00001290.jpg.subtitulo.tif.txt,87, es todo más confuso que la última actualización del libro de familia de la obregón ,84,0,,Desconocido
657,00001291.jpg.subtitulo.tif.txt,80,parece evidente que no era la primera vez que ramón garcía lideraba una conga ,92,0,,Desconocido
658,00001296.jpg.subtitulo.tif.txt,47,georgie dann el chiringuito contigo 1988 ,77,0,,Desconocido
659,00001297.jpg.subtitulo.tif.txt,108,con el tiempo descubrimos que todas las letras de este exprofesor de primaria tenian referencias sexuales ,105,0,,Desconocido
660,00001298.jpg.subtitulo.tif.txt,42,más trabajo para el defensor del pueblo ,94,0,,Desconocido
661,00001302.jpg.subtitulo.tif.txt,59,emilio aragón te huelen los pies en buena hora 1990 ,52,0,,Desconocido
662,00001303.jpg.subtitulo.tif.txt,123, ayaso músico director presentador empresario su carrera e bastante más compleja que las letras de sus canciones ,109,0,,Desconocido
663,00001304.jpg.subtitulo.tif.txt,107,pasó por casi todos los canales pero siempre se acuerda de sus inicios en telecinco vuelve franganillo ,118,0,,Desconocido
666,00001312.jpg.subtitulo.tif.txt,78,toreros muertos y no me pises que llevo chanclas agúita agropop feliz 2022 ,110,0,,Desconocido
667,00001313.jpg.subtitulo.tif.txt,127,al final de toda verbena que se precie sobreviven los crápulas en este caso dos genios destartalados begines y carbonell ,122,0,,Desconocido
668,00001314.jpg.subtitulo.tif.txt,74,y hete aqui el origen de la expresión cambiarle el agúita al canari ,109,0,,Desconocido
669,00001318.jpg.subtitulo.tif.txt,50,cecilia mi querida españa la hora de 1975 ,68,0,,Desconocido
670,00001319.jpg.subtitulo.tif.txt,100,la españa nuestra de la que habla la canción era una españa muerta en la versión sin censurar ,88,0,,Desconocido
672,00001321.jpg.subtitulo.tif.txt,73,de esta división territorial de 1833 queda sobre todo eso la división ,92,0,,Desconocido
673,00001322.jpg.subtitulo.tif.txt,114,de quién es españa lo seguís debatiendo este año y ya nos avisáis nosotros de la españa de cecilia siempre ,107,0,,Desconocido
674,00001329.jpg.subtitulo.tif.txt,49,joan manuel serrat cantares concierto 1975 ,104,0,,Desconocido
675,00001330.jpg.subtitulo.tif.txt,112,un catalán puso de moda los campos de castilla y reivindicó que españa puede avanzar a golpes sin romperse ,100,0,,Desconocido
676,00001332.jpg.subtitulo.tif.txt,76,ahora resulta imposible leer a machado sin escuchar esta voz y esto música ,110,0,,Desconocido
677,00001333.jpg.subtitulo.tif.txt,32,y después de el nano el nino ,70,0,,Desconocido
678,00001336.jpg.subtitulo.tif.txt,83,eran otros tiempos en que los jóvenes aún podían contar con el apoyo de un banco ,66,0,,Desconocido
679,00001337.jpg.subtitulo.tif.txt,36,san nino bravo en su hornacina ,74,0,,Desconocido
680,00001338.jpg.subtitulo.tif.txt,123,este año se cumplió medio siglo de su muerte si dios existe no habrá vuelto a abrir la boca para evitar comparaciones ,107,0,,Desconocido
681,00001339.jpg.subtitulo.tif.txt,59,nino bravo puerta de amor pasaporte a dublín 1970 ,116,0,,Desconocido
682,00001343.jpg.subtitulo.tif.txt,56,julio iglesias la vida sigue igual fin de año 1969 ,61,0,,Desconocido
683,00001344.jpg.subtitulo.tif.txt,92,pocas cosas más inquietantes que encontrarte a tu padre de fiesta a las tres de la mañana ,91,0,,Desconocido
685,00001346.jpg.subtitulo.tif.txt,111, la vida sigue igual tú dentro de 15 días cuando confirmes que has vuelto a incumplir todos tus propósitos ,119,0,,Desconocido
686,00001347.jpg.subtitulo.tif.txt,98,nuestro mensaje de esperanza para el nuevo año antes de darnos cuenta habremos llegado a julio ,120,0,,Desconocido
687,00001353.jpg.subtitulo.tif.txt,35,gerard gual ambientación musical ,88,0,,Desconocido
